{
  "name" : "Pretius APEX Nested reports",
  "version" : "2.0",
  "description" : "The plugin is dynamic action plugin implementing nested reports within APEX Classic Reports, Interactive Reports and static HTML tables. Scope of data, data appearance and behavior is customizable with the plugin attributes.",
  "keywords" : ["nested", "details", "table", "row", "master detail"],
  "homepage" : "https://github.com/Pretius/apex-nested-reports",
  "bugs" : {
    "url" : "https://github.com/Pretius/apex-nested-reports/issues",
    "email" : "apex@pretius.com"
  },
  "license" : "MIT",
  "author" : {
    "name" : "Bartosz Ostrowski",
    "email" : "bostrowski@pretius.com",
    "url" : "http://pretius.com/technologies/oracle-apex/"
  },
  "repository" : {
    "type" : "git",
    "url" : "https://github.com/Pretius/apex-nested-reports.git"
  },
  "oracle" : {
    "versions" : ["11.2.0.1", "12.1.0.1"],
    "apex" : {
      "versions" : ["5.0.0"],
      "plugin" : {
        "internalName" : "apex.nested.reports",
        "type" : "dynamic action",
        "demo" : "http://apex.pretius.com/apex/f?p=105:NESTED_REPORTS",
        "previewImage" : "https://raw.githubusercontent.com/Pretius/apex-nested-reports/master/preview.gif"
      }
    }
  }
}
